-- phpMyAdmin SQL Dump
-- version 5.2.1
-- https://www.phpmyadmin.net/
--
-- Host: 127.0.0.1
-- Generation Time: Oct 19, 2025 at 03:34 PM
-- Server version: 10.4.32-MariaDB
-- PHP Version: 8.2.12

SET SQL_MODE = "NO_AUTO_VALUE_ON_ZERO";
START TRANSACTION;
SET time_zone = "+00:00";


/*!40101 SET @OLD_CHARACTER_SET_CLIENT=@@CHARACTER_SET_CLIENT */;
/*!40101 SET @OLD_CHARACTER_SET_RESULTS=@@CHARACTER_SET_RESULTS */;
/*!40101 SET @OLD_COLLATION_CONNECTION=@@COLLATION_CONNECTION */;
/*!40101 SET NAMES utf8mb4 */;

--
-- Database: `housekeeping`
--

-- --------------------------------------------------------

--
-- Table structure for table `cache`
--

CREATE TABLE `cache` (
  `key` varchar(255) NOT NULL,
  `value` mediumtext NOT NULL,
  `expiration` int(11) NOT NULL
) ENGINE=InnoDB DEFAULT CHARSET=utf8mb4 COLLATE=utf8mb4_unicode_ci;

-- --------------------------------------------------------

--
-- Table structure for table `cache_locks`
--

CREATE TABLE `cache_locks` (
  `key` varchar(255) NOT NULL,
  `owner` varchar(255) NOT NULL,
  `expiration` int(11) NOT NULL
) ENGINE=InnoDB DEFAULT CHARSET=utf8mb4 COLLATE=utf8mb4_unicode_ci;

-- --------------------------------------------------------

--
-- Table structure for table `checklists`
--

CREATE TABLE `checklists` (
  `id` bigint(20) UNSIGNED NOT NULL,
  `property_id` bigint(20) UNSIGNED NOT NULL,
  `housekeeper_id` bigint(20) UNSIGNED NOT NULL,
  `assigned_by` bigint(20) UNSIGNED DEFAULT NULL,
  `scheduled_date` date NOT NULL,
  `scheduled_time` time DEFAULT NULL,
  `status` enum('pending','in_progress','completed','approved','rejected') NOT NULL DEFAULT 'pending',
  `workflow_step` varchar(255) NOT NULL DEFAULT 'tasks',
  `current_room_id` bigint(20) UNSIGNED DEFAULT NULL,
  `started_at` timestamp NULL DEFAULT NULL,
  `completed_at` timestamp NULL DEFAULT NULL,
  `inventory_completed_at` timestamp NULL DEFAULT NULL,
  `tasks_completed_at` timestamp NULL DEFAULT NULL,
  `gps_latitude` decimal(10,8) DEFAULT NULL,
  `gps_longitude` decimal(11,8) DEFAULT NULL,
  `gps_verified` tinyint(1) NOT NULL DEFAULT 0,
  `notes` text DEFAULT NULL,
  `rejection_reason` text DEFAULT NULL,
  `created_at` timestamp NULL DEFAULT NULL,
  `updated_at` timestamp NULL DEFAULT NULL
) ENGINE=InnoDB DEFAULT CHARSET=utf8mb4 COLLATE=utf8mb4_unicode_ci;

--
-- Dumping data for table `checklists`
--

INSERT INTO `checklists` (`id`, `property_id`, `housekeeper_id`, `assigned_by`, `scheduled_date`, `scheduled_time`, `status`, `workflow_step`, `current_room_id`, `started_at`, `completed_at`, `inventory_completed_at`, `tasks_completed_at`, `gps_latitude`, `gps_longitude`, `gps_verified`, `notes`, `rejection_reason`, `created_at`, `updated_at`) VALUES
(2, 2, 4, 2, '2025-10-20', NULL, 'completed', 'tasks', NULL, '2025-10-17 20:43:43', '2025-10-17 22:34:16', NULL, NULL, 25.77430000, -80.19370000, 1, NULL, NULL, '2025-10-17 21:43:43', '2025-10-17 22:34:16'),
(4, 2, 3, 2, '2025-10-22', NULL, 'pending', 'tasks', NULL, NULL, NULL, NULL, NULL, NULL, NULL, 0, NULL, NULL, '2025-10-18 03:33:14', '2025-10-18 03:33:14'),
(6, 1, 3, 2, '2025-10-24', NULL, 'pending', 'tasks', NULL, NULL, NULL, NULL, NULL, NULL, NULL, 0, NULL, NULL, '2025-10-18 15:54:29', '2025-10-18 15:54:29'),
(7, 8, 3, 2, '2025-10-21', NULL, 'completed', 'photos', NULL, '2025-10-18 21:05:34', '2025-10-18 21:54:04', '2025-10-18 21:52:52', '2025-10-18 21:52:27', 23.74455218, 90.43237776, 1, NULL, NULL, '2025-10-18 20:25:26', '2025-10-18 21:54:04'),
(9, 2, 3, 2, '2025-10-19', '15:50:00', 'pending', 'tasks', NULL, NULL, NULL, NULL, NULL, NULL, NULL, 0, NULL, NULL, '2025-10-19 02:48:58', '2025-10-19 02:48:58'),
(10, 2, 3, 2, '2025-10-20', '16:09:00', 'pending', 'tasks', NULL, NULL, NULL, NULL, NULL, NULL, NULL, 0, NULL, NULL, '2025-10-19 04:09:16', '2025-10-19 04:09:16'),
(11, 9, 3, 2, '2025-10-19', '16:36:00', 'in_progress', 'tasks', NULL, '2025-10-19 04:36:12', NULL, NULL, NULL, 23.74454219, 90.43236063, 1, NULL, NULL, '2025-10-19 04:35:31', '2025-10-19 04:36:12'),
(12, 9, 3, 2, '2025-10-19', '17:40:00', 'in_progress', 'tasks', 25, '2025-10-19 04:40:16', NULL, NULL, NULL, 23.74452540, 90.43226186, 1, NULL, NULL, '2025-10-19 04:39:41', '2025-10-19 04:40:16'),
(13, 9, 3, 2, '2025-10-19', '17:57:00', 'completed', 'photos', NULL, '2025-10-19 05:03:21', '2025-10-19 05:06:26', '2025-10-19 05:05:44', '2025-10-19 05:03:35', 23.74454857, 90.43236920, 1, NULL, NULL, '2025-10-19 04:56:24', '2025-10-19 05:06:26');

-- --------------------------------------------------------

--
-- Table structure for table `checklist_items`
--

CREATE TABLE `checklist_items` (
  `id` bigint(20) UNSIGNED NOT NULL,
  `checklist_id` bigint(20) UNSIGNED NOT NULL,
  `room_id` bigint(20) UNSIGNED NOT NULL,
  `task_id` bigint(20) UNSIGNED NOT NULL,
  `is_completed` tinyint(1) NOT NULL DEFAULT 0,
  `completed_at` timestamp NULL DEFAULT NULL,
  `notes` text DEFAULT NULL,
  `created_at` timestamp NULL DEFAULT NULL,
  `updated_at` timestamp NULL DEFAULT NULL
) ENGINE=InnoDB DEFAULT CHARSET=utf8mb4 COLLATE=utf8mb4_unicode_ci;

--
-- Dumping data for table `checklist_items`
--

INSERT INTO `checklist_items` (`id`, `checklist_id`, `room_id`, `task_id`, `is_completed`, `completed_at`, `notes`, `created_at`, `updated_at`) VALUES
(1, 2, 8, 1, 1, NULL, NULL, '2025-10-17 21:43:43', '2025-10-17 21:43:43'),
(2, 2, 8, 2, 0, NULL, NULL, '2025-10-17 21:43:43', '2025-10-17 21:43:43'),
(3, 2, 8, 3, 1, NULL, NULL, '2025-10-17 21:43:43', '2025-10-17 21:43:43'),
(4, 2, 8, 4, 0, NULL, NULL, '2025-10-17 21:43:43', '2025-10-17 21:43:43'),
(5, 2, 8, 5, 0, NULL, NULL, '2025-10-17 21:43:43', '2025-10-17 21:43:43'),
(6, 2, 8, 6, 0, NULL, NULL, '2025-10-17 21:43:43', '2025-10-17 21:43:43'),
(7, 2, 8, 7, 1, NULL, NULL, '2025-10-17 21:43:43', '2025-10-17 21:43:43'),
(8, 2, 8, 8, 1, NULL, NULL, '2025-10-17 21:43:43', '2025-10-17 21:43:43'),
(9, 2, 8, 9, 0, NULL, NULL, '2025-10-17 21:43:43', '2025-10-17 21:43:43'),
(10, 2, 8, 10, 1, NULL, NULL, '2025-10-17 21:43:43', '2025-10-17 21:43:43'),
(11, 2, 8, 11, 0, NULL, NULL, '2025-10-17 21:43:43', '2025-10-17 21:43:43'),
(12, 2, 8, 12, 0, NULL, NULL, '2025-10-17 21:43:43', '2025-10-17 21:43:43'),
(13, 2, 8, 13, 1, NULL, NULL, '2025-10-17 21:43:43', '2025-10-17 21:43:43'),
(14, 2, 8, 14, 0, NULL, NULL, '2025-10-17 21:43:43', '2025-10-17 21:43:43'),
(15, 2, 8, 15, 1, NULL, NULL, '2025-10-17 21:43:43', '2025-10-17 21:43:43'),
(16, 2, 8, 16, 0, NULL, NULL, '2025-10-17 21:43:43', '2025-10-17 21:43:43'),
(17, 2, 8, 17, 1, NULL, NULL, '2025-10-17 21:43:43', '2025-10-17 21:43:43'),
(18, 2, 8, 18, 1, NULL, NULL, '2025-10-17 21:43:43', '2025-10-17 21:43:43'),
(19, 2, 9, 1, 1, NULL, NULL, '2025-10-17 21:43:43', '2025-10-17 21:43:43'),
(20, 2, 9, 2, 0, NULL, NULL, '2025-10-17 21:43:43', '2025-10-17 21:43:43'),
(21, 2, 9, 3, 0, NULL, NULL, '2025-10-17 21:43:43', '2025-10-17 21:43:43'),
(22, 2, 9, 4, 0, NULL, NULL, '2025-10-17 21:43:43', '2025-10-17 21:43:43'),
(23, 2, 9, 5, 1, NULL, NULL, '2025-10-17 21:43:43', '2025-10-17 21:43:43'),
(24, 2, 9, 6, 1, NULL, NULL, '2025-10-17 21:43:43', '2025-10-17 21:43:43'),
(25, 2, 9, 7, 0, NULL, NULL, '2025-10-17 21:43:43', '2025-10-17 21:43:43'),
(26, 2, 9, 8, 0, NULL, NULL, '2025-10-17 21:43:43', '2025-10-17 21:43:43'),
(27, 2, 9, 9, 0, NULL, NULL, '2025-10-17 21:43:43', '2025-10-17 21:43:43'),
(28, 2, 9, 10, 0, NULL, NULL, '2025-10-17 21:43:43', '2025-10-17 21:43:43'),
(29, 2, 9, 11, 1, NULL, NULL, '2025-10-17 21:43:43', '2025-10-17 21:43:43'),
(30, 2, 9, 12, 1, NULL, NULL, '2025-10-17 21:43:43', '2025-10-17 21:43:43'),
(31, 2, 9, 13, 1, NULL, NULL, '2025-10-17 21:43:43', '2025-10-17 21:43:43'),
(32, 2, 9, 14, 0, NULL, NULL, '2025-10-17 21:43:43', '2025-10-17 21:43:43'),
(33, 2, 9, 15, 1, NULL, NULL, '2025-10-17 21:43:43', '2025-10-17 21:43:43'),
(34, 2, 9, 16, 1, NULL, NULL, '2025-10-17 21:43:43', '2025-10-17 21:43:43'),
(35, 2, 9, 17, 0, NULL, NULL, '2025-10-17 21:43:43', '2025-10-17 21:43:43'),
(36, 2, 9, 18, 0, NULL, NULL, '2025-10-17 21:43:43', '2025-10-17 21:43:43'),
(37, 2, 10, 1, 1, NULL, NULL, '2025-10-17 21:43:43', '2025-10-17 21:43:43'),
(38, 2, 10, 2, 0, NULL, NULL, '2025-10-17 21:43:43', '2025-10-17 21:43:43'),
(39, 2, 10, 3, 1, NULL, NULL, '2025-10-17 21:43:43', '2025-10-17 21:43:43'),
(40, 2, 10, 4, 0, NULL, NULL, '2025-10-17 21:43:43', '2025-10-17 21:43:43'),
(41, 2, 10, 5, 1, NULL, NULL, '2025-10-17 21:43:43', '2025-10-17 21:43:43'),
(42, 2, 10, 6, 0, NULL, NULL, '2025-10-17 21:43:43', '2025-10-17 21:43:43'),
(43, 2, 10, 7, 0, NULL, NULL, '2025-10-17 21:43:43', '2025-10-17 21:43:43'),
(44, 2, 10, 8, 0, NULL, NULL, '2025-10-17 21:43:43', '2025-10-17 21:43:43'),
(45, 2, 10, 9, 1, NULL, NULL, '2025-10-17 21:43:43', '2025-10-17 21:43:43'),
(46, 2, 10, 10, 0, NULL, NULL, '2025-10-17 21:43:43', '2025-10-17 21:43:43'),
(47, 2, 10, 11, 1, NULL, NULL, '2025-10-17 21:43:43', '2025-10-17 21:43:43'),
(48, 2, 10, 12, 1, NULL, NULL, '2025-10-17 21:43:43', '2025-10-17 21:43:43'),
(49, 2, 10, 13, 0, NULL, NULL, '2025-10-17 21:43:43', '2025-10-17 21:43:43'),
(50, 2, 10, 14, 0, NULL, NULL, '2025-10-17 21:43:43', '2025-10-17 21:43:43'),
(51, 2, 10, 15, 0, NULL, NULL, '2025-10-17 21:43:43', '2025-10-17 21:43:43'),
(52, 2, 10, 16, 1, NULL, NULL, '2025-10-17 21:43:43', '2025-10-17 21:43:43'),
(53, 2, 10, 17, 0, NULL, NULL, '2025-10-17 21:43:43', '2025-10-17 21:43:43'),
(54, 2, 10, 18, 1, NULL, NULL, '2025-10-17 21:43:43', '2025-10-17 21:43:43'),
(55, 2, 11, 1, 0, NULL, NULL, '2025-10-17 21:43:43', '2025-10-17 21:43:43'),
(56, 2, 11, 2, 1, NULL, NULL, '2025-10-17 21:43:43', '2025-10-17 21:43:43'),
(57, 2, 11, 3, 1, NULL, NULL, '2025-10-17 21:43:43', '2025-10-17 21:43:43'),
(58, 2, 11, 4, 1, NULL, NULL, '2025-10-17 21:43:43', '2025-10-17 21:43:43'),
(59, 2, 11, 5, 1, NULL, NULL, '2025-10-17 21:43:43', '2025-10-17 21:43:43'),
(60, 2, 11, 6, 0, NULL, NULL, '2025-10-17 21:43:43', '2025-10-17 21:43:43'),
(61, 2, 11, 7, 0, NULL, NULL, '2025-10-17 21:43:43', '2025-10-17 21:43:43'),
(62, 2, 11, 8, 1, NULL, NULL, '2025-10-17 21:43:43', '2025-10-17 21:43:43'),
(63, 2, 11, 9, 1, NULL, NULL, '2025-10-17 21:43:43', '2025-10-17 21:43:43'),
(64, 2, 11, 10, 1, NULL, NULL, '2025-10-17 21:43:43', '2025-10-17 21:43:43'),
(65, 2, 11, 11, 0, NULL, NULL, '2025-10-17 21:43:43', '2025-10-17 21:43:43'),
(66, 2, 11, 12, 0, NULL, NULL, '2025-10-17 21:43:43', '2025-10-17 21:43:43'),
(67, 2, 11, 13, 0, NULL, NULL, '2025-10-17 21:43:43', '2025-10-17 21:43:43'),
(68, 2, 11, 14, 1, NULL, NULL, '2025-10-17 21:43:43', '2025-10-17 21:43:43'),
(69, 2, 11, 15, 0, NULL, NULL, '2025-10-17 21:43:43', '2025-10-17 21:43:43'),
(70, 2, 11, 16, 0, NULL, NULL, '2025-10-17 21:43:43', '2025-10-17 21:43:43'),
(71, 2, 11, 17, 1, NULL, NULL, '2025-10-17 21:43:43', '2025-10-17 21:43:43'),
(72, 2, 11, 18, 0, NULL, NULL, '2025-10-17 21:43:43', '2025-10-17 21:43:43'),
(397, 7, 22, 1, 1, '2025-10-18 21:50:47', NULL, '2025-10-18 21:05:34', '2025-10-18 21:50:47'),
(398, 7, 22, 2, 1, '2025-10-18 21:50:48', NULL, '2025-10-18 21:05:34', '2025-10-18 21:50:48'),
(399, 7, 22, 3, 1, '2025-10-18 21:50:50', NULL, '2025-10-18 21:05:34', '2025-10-18 21:50:50'),
(400, 7, 22, 4, 1, '2025-10-18 21:50:51', NULL, '2025-10-18 21:05:34', '2025-10-18 21:50:51'),
(401, 7, 22, 5, 1, '2025-10-18 21:50:53', NULL, '2025-10-18 21:05:34', '2025-10-18 21:50:53'),
(402, 7, 22, 6, 1, '2025-10-18 21:50:56', NULL, '2025-10-18 21:05:34', '2025-10-18 21:50:56'),
(403, 7, 22, 7, 1, '2025-10-18 21:50:58', NULL, '2025-10-18 21:05:34', '2025-10-18 21:50:58'),
(404, 7, 22, 8, 1, '2025-10-18 21:51:00', NULL, '2025-10-18 21:05:34', '2025-10-18 21:51:00'),
(405, 7, 22, 9, 1, '2025-10-18 21:51:02', NULL, '2025-10-18 21:05:34', '2025-10-18 21:51:02'),
(406, 7, 22, 10, 1, '2025-10-18 21:51:03', NULL, '2025-10-18 21:05:34', '2025-10-18 21:51:03'),
(407, 7, 22, 11, 1, '2025-10-18 21:51:05', NULL, '2025-10-18 21:05:34', '2025-10-18 21:51:05'),
(408, 7, 22, 12, 1, '2025-10-18 21:51:06', NULL, '2025-10-18 21:05:34', '2025-10-18 21:51:06'),
(409, 7, 22, 13, 1, '2025-10-18 21:51:10', NULL, '2025-10-18 21:05:34', '2025-10-18 21:51:10'),
(410, 7, 22, 14, 1, '2025-10-18 21:51:11', NULL, '2025-10-18 21:05:34', '2025-10-18 21:51:11'),
(411, 7, 22, 15, 1, '2025-10-18 21:51:13', NULL, '2025-10-18 21:05:34', '2025-10-18 21:51:13'),
(412, 7, 22, 16, 1, '2025-10-18 21:51:14', NULL, '2025-10-18 21:05:34', '2025-10-18 21:51:14'),
(413, 7, 22, 17, 1, '2025-10-18 21:51:18', NULL, '2025-10-18 21:05:34', '2025-10-18 21:51:18'),
(414, 7, 22, 18, 1, '2025-10-18 21:51:16', NULL, '2025-10-18 21:05:34', '2025-10-18 21:51:16'),
(415, 7, 23, 1, 1, '2025-10-18 21:51:26', NULL, '2025-10-18 21:05:34', '2025-10-18 21:51:26'),
(416, 7, 23, 2, 1, '2025-10-18 21:51:26', NULL, '2025-10-18 21:05:34', '2025-10-18 21:51:26'),
(417, 7, 23, 3, 1, '2025-10-18 21:51:27', NULL, '2025-10-18 21:05:34', '2025-10-18 21:51:27'),
(418, 7, 23, 4, 1, '2025-10-18 21:51:29', NULL, '2025-10-18 21:05:34', '2025-10-18 21:51:29'),
(419, 7, 23, 5, 1, '2025-10-18 21:51:30', NULL, '2025-10-18 21:05:34', '2025-10-18 21:51:30'),
(420, 7, 23, 6, 1, '2025-10-18 21:51:31', NULL, '2025-10-18 21:05:34', '2025-10-18 21:51:31'),
(421, 7, 23, 7, 1, '2025-10-18 21:51:33', NULL, '2025-10-18 21:05:34', '2025-10-18 21:51:33'),
(422, 7, 23, 8, 1, '2025-10-18 21:51:35', NULL, '2025-10-18 21:05:34', '2025-10-18 21:51:35'),
(423, 7, 23, 9, 1, '2025-10-18 21:51:38', NULL, '2025-10-18 21:05:34', '2025-10-18 21:51:38'),
(424, 7, 23, 10, 1, '2025-10-18 21:51:37', NULL, '2025-10-18 21:05:34', '2025-10-18 21:51:37'),
(425, 7, 23, 11, 1, '2025-10-18 21:51:40', NULL, '2025-10-18 21:05:34', '2025-10-18 21:51:40'),
(426, 7, 23, 12, 1, '2025-10-18 21:51:42', NULL, '2025-10-18 21:05:34', '2025-10-18 21:51:42'),
(427, 7, 23, 13, 1, '2025-10-18 21:51:43', NULL, '2025-10-18 21:05:34', '2025-10-18 21:51:43'),
(428, 7, 23, 14, 1, '2025-10-18 21:51:44', NULL, '2025-10-18 21:05:34', '2025-10-18 21:51:44'),
(429, 7, 23, 15, 1, '2025-10-18 21:51:46', NULL, '2025-10-18 21:05:34', '2025-10-18 21:51:46'),
(430, 7, 23, 16, 1, '2025-10-18 21:51:46', NULL, '2025-10-18 21:05:34', '2025-10-18 21:51:46'),
(431, 7, 23, 17, 1, '2025-10-18 21:51:47', NULL, '2025-10-18 21:05:34', '2025-10-18 21:51:47'),
(432, 7, 23, 18, 1, '2025-10-18 21:51:49', NULL, '2025-10-18 21:05:34', '2025-10-18 21:51:49'),
(433, 7, 24, 1, 1, '2025-10-18 21:51:56', NULL, '2025-10-18 21:05:34', '2025-10-18 21:51:56'),
(434, 7, 24, 2, 1, '2025-10-18 21:51:58', NULL, '2025-10-18 21:05:34', '2025-10-18 21:51:58'),
(435, 7, 24, 3, 1, '2025-10-18 21:52:02', NULL, '2025-10-18 21:05:34', '2025-10-18 21:52:02'),
(436, 7, 24, 4, 1, '2025-10-18 21:52:01', NULL, '2025-10-18 21:05:34', '2025-10-18 21:52:01'),
(437, 7, 24, 5, 1, '2025-10-18 21:52:03', NULL, '2025-10-18 21:05:34', '2025-10-18 21:52:03'),
(438, 7, 24, 6, 1, '2025-10-18 21:52:04', NULL, '2025-10-18 21:05:34', '2025-10-18 21:52:04'),
(439, 7, 24, 7, 1, '2025-10-18 21:52:07', NULL, '2025-10-18 21:05:34', '2025-10-18 21:52:07'),
(440, 7, 24, 8, 1, '2025-10-18 21:52:08', NULL, '2025-10-18 21:05:34', '2025-10-18 21:52:08'),
(441, 7, 24, 9, 1, '2025-10-18 21:52:10', NULL, '2025-10-18 21:05:34', '2025-10-18 21:52:10'),
(442, 7, 24, 10, 1, '2025-10-18 21:52:11', NULL, '2025-10-18 21:05:34', '2025-10-18 21:52:11'),
(443, 7, 24, 11, 1, '2025-10-18 21:52:11', NULL, '2025-10-18 21:05:34', '2025-10-18 21:52:11'),
(444, 7, 24, 12, 1, '2025-10-18 21:52:13', NULL, '2025-10-18 21:05:34', '2025-10-18 21:52:13'),
(445, 7, 24, 13, 1, '2025-10-18 21:52:14', NULL, '2025-10-18 21:05:34', '2025-10-18 21:52:14'),
(446, 7, 24, 14, 1, '2025-10-18 21:52:16', NULL, '2025-10-18 21:05:34', '2025-10-18 21:52:16'),
(447, 7, 24, 15, 1, '2025-10-18 21:52:22', NULL, '2025-10-18 21:05:34', '2025-10-18 21:52:22'),
(448, 7, 24, 16, 1, '2025-10-18 21:52:20', NULL, '2025-10-18 21:05:34', '2025-10-18 21:52:20'),
(449, 7, 24, 17, 1, '2025-10-18 21:52:20', NULL, '2025-10-18 21:05:34', '2025-10-18 21:52:20'),
(450, 7, 24, 18, 1, '2025-10-18 21:52:19', NULL, '2025-10-18 21:05:34', '2025-10-18 21:52:19'),
(451, 12, 25, 1, 1, '2025-10-19 04:40:53', NULL, '2025-10-19 04:40:16', '2025-10-19 04:40:53'),
(452, 12, 25, 2, 1, '2025-10-19 04:40:55', NULL, '2025-10-19 04:40:16', '2025-10-19 04:40:55'),
(453, 12, 25, 3, 1, '2025-10-19 04:40:56', NULL, '2025-10-19 04:40:16', '2025-10-19 04:40:56'),
(454, 12, 25, 4, 1, '2025-10-19 04:40:57', NULL, '2025-10-19 04:40:16', '2025-10-19 04:40:57'),
(455, 12, 25, 5, 1, '2025-10-19 04:41:00', NULL, '2025-10-19 04:40:16', '2025-10-19 04:41:00'),
(456, 12, 25, 6, 1, '2025-10-19 04:41:02', NULL, '2025-10-19 04:40:16', '2025-10-19 04:41:02'),
(457, 12, 25, 7, 1, '2025-10-19 04:41:03', NULL, '2025-10-19 04:40:16', '2025-10-19 04:41:03'),
(458, 12, 25, 8, 1, '2025-10-19 04:41:05', NULL, '2025-10-19 04:40:16', '2025-10-19 04:41:05'),
(459, 12, 25, 9, 1, '2025-10-19 04:41:06', NULL, '2025-10-19 04:40:16', '2025-10-19 04:41:06'),
(460, 12, 25, 10, 1, '2025-10-19 04:41:08', NULL, '2025-10-19 04:40:16', '2025-10-19 04:41:08'),
(461, 12, 25, 11, 1, '2025-10-19 04:41:10', NULL, '2025-10-19 04:40:16', '2025-10-19 04:41:10'),
(462, 12, 25, 12, 1, '2025-10-19 04:41:13', NULL, '2025-10-19 04:40:16', '2025-10-19 04:41:13'),
(463, 12, 25, 13, 1, '2025-10-19 04:41:12', NULL, '2025-10-19 04:40:16', '2025-10-19 04:41:12'),
(464, 12, 25, 14, 1, '2025-10-19 04:41:14', NULL, '2025-10-19 04:40:16', '2025-10-19 04:41:14'),
(465, 12, 25, 15, 1, '2025-10-19 04:41:18', NULL, '2025-10-19 04:40:16', '2025-10-19 04:41:18'),
(466, 12, 25, 16, 1, '2025-10-19 04:41:16', NULL, '2025-10-19 04:40:16', '2025-10-19 04:41:16'),
(467, 12, 25, 17, 1, '2025-10-19 04:41:20', NULL, '2025-10-19 04:40:16', '2025-10-19 04:41:20'),
(468, 12, 25, 18, 1, '2025-10-19 04:41:22', NULL, '2025-10-19 04:40:16', '2025-10-19 04:41:22'),
(469, 13, 25, 1, 1, '2025-10-19 05:03:26', NULL, '2025-10-19 05:03:21', '2025-10-19 05:03:26'),
(470, 13, 25, 2, 1, '2025-10-19 05:03:28', NULL, '2025-10-19 05:03:21', '2025-10-19 05:03:28'),
(471, 13, 25, 3, 1, '2025-10-19 05:03:29', NULL, '2025-10-19 05:03:21', '2025-10-19 05:03:29'),
(472, 13, 25, 4, 1, '2025-10-19 05:03:31', NULL, '2025-10-19 05:03:21', '2025-10-19 05:03:31');

-- --------------------------------------------------------

--
-- Table structure for table `failed_jobs`
--

CREATE TABLE `failed_jobs` (
  `id` bigint(20) UNSIGNED NOT NULL,
  `uuid` varchar(255) NOT NULL,
  `connection` text NOT NULL,
  `queue` text NOT NULL,
  `payload` longtext NOT NULL,
  `exception` longtext NOT NULL,
  `failed_at` timestamp NOT NULL DEFAULT current_timestamp()
) ENGINE=InnoDB DEFAULT CHARSET=utf8mb4 COLLATE=utf8mb4_unicode_ci;

-- --------------------------------------------------------

--
-- Table structure for table `inventory_items`
--

CREATE TABLE `inventory_items` (
  `id` bigint(20) UNSIGNED NOT NULL,
  `checklist_id` bigint(20) UNSIGNED NOT NULL,
  `item_name` varchar(255) NOT NULL,
  `quantity` int(11) NOT NULL DEFAULT 0,
  `is_available` tinyint(1) NOT NULL DEFAULT 1,
  `notes` text DEFAULT NULL,
  `is_completed` tinyint(1) NOT NULL DEFAULT 0,
  `completed_at` timestamp NULL DEFAULT NULL,
  `created_at` timestamp NULL DEFAULT NULL,
  `updated_at` timestamp NULL DEFAULT NULL
) ENGINE=InnoDB DEFAULT CHARSET=utf8mb4 COLLATE=utf8mb4_unicode_ci;

--
-- Dumping data for table `inventory_items`
--

INSERT INTO `inventory_items` (`id`, `checklist_id`, `item_name`, `quantity`, `is_available`, `notes`, `is_completed`, `completed_at`, `created_at`, `updated_at`) VALUES
(37, 7, 'Towels', 0, 1, NULL, 1, '2025-10-18 21:52:30', '2025-10-18 21:05:34', '2025-10-18 21:52:30'),
(38, 7, 'Bed Sheets', 0, 1, NULL, 1, '2025-10-18 21:52:31', '2025-10-18 21:05:34', '2025-10-18 21:52:31'),
(39, 7, 'Pillowcases', 0, 1, NULL, 1, '2025-10-18 21:52:33', '2025-10-18 21:05:34', '2025-10-18 21:52:33'),
(40, 7, 'Toilet Paper', 0, 1, NULL, 1, '2025-10-18 21:52:34', '2025-10-18 21:05:34', '2025-10-18 21:52:34'),
(41, 7, 'Paper Towels', 0, 1, NULL, 1, '2025-10-18 21:52:35', '2025-10-18 21:05:34', '2025-10-18 21:52:35'),
(42, 7, 'Hand Soap', 0, 1, NULL, 1, '2025-10-18 21:52:37', '2025-10-18 21:05:34', '2025-10-18 21:52:37'),
(43, 7, 'Shampoo', 0, 1, NULL, 1, '2025-10-18 21:52:38', '2025-10-18 21:05:34', '2025-10-18 21:52:38'),
(44, 7, 'Conditioner', 0, 1, NULL, 1, '2025-10-18 21:52:39', '2025-10-18 21:05:34', '2025-10-18 21:52:39'),
(45, 7, 'Dish Soap', 0, 1, NULL, 1, '2025-10-18 21:52:41', '2025-10-18 21:05:34', '2025-10-18 21:52:41'),
(46, 7, 'Trash Bags', 0, 1, NULL, 1, '2025-10-18 21:52:43', '2025-10-18 21:05:34', '2025-10-18 21:52:43'),
(47, 7, 'Coffee/Tea', 0, 1, NULL, 1, '2025-10-18 21:52:45', '2025-10-18 21:05:34', '2025-10-18 21:52:45'),
(48, 7, 'Kitchen Utensils', 0, 1, NULL, 1, '2025-10-18 21:52:47', '2025-10-18 21:05:34', '2025-10-18 21:52:47'),
(49, 11, 'Towels', 0, 1, NULL, 0, NULL, '2025-10-19 04:36:12', '2025-10-19 04:36:12'),
(50, 11, 'Bed Sheets', 0, 1, NULL, 0, NULL, '2025-10-19 04:36:12', '2025-10-19 04:36:12'),
(51, 11, 'Pillowcases', 0, 1, NULL, 0, NULL, '2025-10-19 04:36:12', '2025-10-19 04:36:12'),
(52, 11, 'Toilet Paper', 0, 1, NULL, 0, NULL, '2025-10-19 04:36:12', '2025-10-19 04:36:12'),
(53, 11, 'Paper Towels', 0, 1, NULL, 0, NULL, '2025-10-19 04:36:12', '2025-10-19 04:36:12'),
(54, 11, 'Hand Soap', 0, 1, NULL, 0, NULL, '2025-10-19 04:36:12', '2025-10-19 04:36:12'),
(55, 11, 'Shampoo', 0, 1, NULL, 0, NULL, '2025-10-19 04:36:12', '2025-10-19 04:36:12'),
(56, 11, 'Conditioner', 0, 1, NULL, 0, NULL, '2025-10-19 04:36:12', '2025-10-19 04:36:12'),
(57, 11, 'Dish Soap', 0, 1, NULL, 0, NULL, '2025-10-19 04:36:12', '2025-10-19 04:36:12'),
(58, 11, 'Trash Bags', 0, 1, NULL, 0, NULL, '2025-10-19 04:36:12', '2025-10-19 04:36:12'),
(59, 11, 'Coffee/Tea', 0, 1, NULL, 0, NULL, '2025-10-19 04:36:12', '2025-10-19 04:36:12'),
(60, 11, 'Kitchen Utensils', 0, 1, NULL, 0, NULL, '2025-10-19 04:36:12', '2025-10-19 04:36:12'),
(61, 12, 'Towels', 0, 1, NULL, 0, NULL, '2025-10-19 04:40:16', '2025-10-19 04:40:16'),
(62, 12, 'Bed Sheets', 0, 1, NULL, 0, NULL, '2025-10-19 04:40:16', '2025-10-19 04:40:16'),
(63, 12, 'Pillowcases', 0, 1, NULL, 0, NULL, '2025-10-19 04:40:16', '2025-10-19 04:40:16'),
(64, 12, 'Toilet Paper', 0, 1, NULL, 0, NULL, '2025-10-19 04:40:16', '2025-10-19 04:40:16'),
(65, 12, 'Paper Towels', 0, 1, NULL, 0, NULL, '2025-10-19 04:40:16', '2025-10-19 04:40:16'),
(66, 12, 'Hand Soap', 0, 1, NULL, 0, NULL, '2025-10-19 04:40:16', '2025-10-19 04:40:16'),
(67, 12, 'Shampoo', 0, 1, NULL, 0, NULL, '2025-10-19 04:40:16', '2025-10-19 04:40:16'),
(68, 12, 'Conditioner', 0, 1, NULL, 0, NULL, '2025-10-19 04:40:16', '2025-10-19 04:40:16'),
(69, 12, 'Dish Soap', 0, 1, NULL, 0, NULL, '2025-10-19 04:40:16', '2025-10-19 04:40:16'),
(70, 12, 'Trash Bags', 0, 1, NULL, 0, NULL, '2025-10-19 04:40:16', '2025-10-19 04:40:16'),
(71, 12, 'Coffee/Tea', 0, 1, NULL, 0, NULL, '2025-10-19 04:40:16', '2025-10-19 04:40:16'),
(72, 12, 'Kitchen Utensils', 0, 1, NULL, 0, NULL, '2025-10-19 04:40:16', '2025-10-19 04:40:16'),
(73, 13, 'Towels', 2, 1, NULL, 1, '2025-10-19 05:04:08', '2025-10-19 05:03:21', '2025-10-19 05:04:08'),
(74, 13, 'Bed Sheets', 0, 1, NULL, 1, '2025-10-19 05:04:10', '2025-10-19 05:03:21', '2025-10-19 05:04:10'),
(75, 13, 'Pillowcases', 0, 1, NULL, 1, '2025-10-19 05:04:12', '2025-10-19 05:03:21', '2025-10-19 05:04:12'),
(76, 13, 'Toilet Paper', 0, 1, NULL, 1, '2025-10-19 05:04:13', '2025-10-19 05:03:21', '2025-10-19 05:04:13'),
(77, 13, 'Paper Towels', 0, 1, NULL, 1, '2025-10-19 05:04:14', '2025-10-19 05:03:21', '2025-10-19 05:04:14'),
(78, 13, 'Hand Soap', 0, 1, NULL, 1, '2025-10-19 05:04:25', '2025-10-19 05:03:21', '2025-10-19 05:04:25'),
(79, 13, 'Shampoo', 2, 1, NULL, 1, '2025-10-19 05:05:32', '2025-10-19 05:03:21', '2025-10-19 05:05:32'),
(80, 13, 'Conditioner', 2, 1, NULL, 1, '2025-10-19 05:05:29', '2025-10-19 05:03:21', '2025-10-19 05:05:29'),
(81, 13, 'Dish Soap', 2, 1, NULL, 1, '2025-10-19 05:05:25', '2025-10-19 05:03:21', '2025-10-19 05:05:25'),
(82, 13, 'Trash Bags', 2, 1, NULL, 1, '2025-10-19 05:05:22', '2025-10-19 05:03:21', '2025-10-19 05:05:22'),
(83, 13, 'Coffee/Tea', 0, 1, NULL, 1, '2025-10-19 05:05:16', '2025-10-19 05:03:21', '2025-10-19 05:05:16'),
(84, 13, 'Kitchen Utensils', 2, 1, NULL, 1, '2025-10-19 05:05:14', '2025-10-19 05:03:21', '2025-10-19 05:05:14');

-- --------------------------------------------------------

--
-- Table structure for table `jobs`
--

CREATE TABLE `jobs` (
  `id` bigint(20) UNSIGNED NOT NULL,
  `queue` varchar(255) NOT NULL,
  `payload` longtext NOT NULL,
  `attempts` tinyint(3) UNSIGNED NOT NULL,
  `reserved_at` int(10) UNSIGNED DEFAULT NULL,
  `available_at` int(10) UNSIGNED NOT NULL,
  `created_at` int(10) UNSIGNED NOT NULL
) ENGINE=InnoDB DEFAULT CHARSET=utf8mb4 COLLATE=utf8mb4_unicode_ci;

-- --------------------------------------------------------

--
-- Table structure for table `job_batches`
--

CREATE TABLE `job_batches` (
  `id` varchar(255) NOT NULL,
  `name` varchar(255) NOT NULL,
  `total_jobs` int(11) NOT NULL,
  `pending_jobs` int(11) NOT NULL,
  `failed_jobs` int(11) NOT NULL,
  `failed_job_ids` longtext NOT NULL,
  `options` mediumtext DEFAULT NULL,
  `cancelled_at` int(11) DEFAULT NULL,
  `created_at` int(11) NOT NULL,
  `finished_at` int(11) DEFAULT NULL
) ENGINE=InnoDB DEFAULT CHARSET=utf8mb4 COLLATE=utf8mb4_unicode_ci;

-- --------------------------------------------------------

--
-- Table structure for table `migrations`
--

CREATE TABLE `migrations` (
  `id` int(10) UNSIGNED NOT NULL,
  `migration` varchar(255) NOT NULL,
  `batch` int(11) NOT NULL
) ENGINE=InnoDB DEFAULT CHARSET=utf8mb4 COLLATE=utf8mb4_unicode_ci;

--
-- Dumping data for table `migrations`
--

INSERT INTO `migrations` (`id`, `migration`, `batch`) VALUES
(1, '0001_01_01_000000_create_users_table', 1),
(2, '0001_01_01_000001_create_cache_table', 1),
(3, '0001_01_01_000002_create_jobs_table', 1),
(4, '2024_10_18_000001_create_properties_table', 1),
(5, '2024_10_18_000002_create_rooms_table', 1),
(6, '2024_10_18_000003_create_tasks_table', 1),
(7, '2024_10_18_000004_create_checklists_table', 1),
(8, '2024_10_18_000005_create_checklist_items_table', 1),
(9, '2024_10_18_000006_create_photos_table', 1),
(10, '2025_10_18_044702_add_beds_baths_to_properties_table', 2),
(11, '2025_10_18_052926_add_is_default_to_rooms_table', 3),
(12, '2025_10_18_052936_add_is_default_to_rooms_table', 3),
(13, '2025_10_18_065023_add_property_room_to_tasks_table', 4),
(14, '2025_10_18_070351_add_workflow_tracking_to_checklists_table', 5),
(15, '2025_10_18_070400_add_workflow_tracking_to_checklists_table', 5),
(16, '2025_10_18_070430_create_inventory_items_table', 5),
(17, '2025_10_18_215644_create_room_task_table', 6),
(18, '2025_10_19_074830_add_welcome_tutorial_dismissed_to_users_table', 7),
(19, '2025_10_19_084151_add_scheduled_time_to_checklists_table', 8);

-- --------------------------------------------------------

--
-- Table structure for table `password_reset_tokens`
--

CREATE TABLE `password_reset_tokens` (
  `email` varchar(255) NOT NULL,
  `token` varchar(255) NOT NULL,
  `created_at` timestamp NULL DEFAULT NULL
) ENGINE=InnoDB DEFAULT CHARSET=utf8mb4 COLLATE=utf8mb4_unicode_ci;

--
-- Dumping data for table `password_reset_tokens`
--

INSERT INTO `password_reset_tokens` (`email`, `token`, `created_at`) VALUES
('maria@housekeeping.com', '$2y$12$a4pYkytnURV5Cg4Nr8/QU.FWYQsVMQ4CFV0Vxk25nRvCk5KL/idLy', '2025-10-18 06:02:21');

-- --------------------------------------------------------

--
-- Table structure for table `photos`
--

CREATE TABLE `photos` (
  `id` bigint(20) UNSIGNED NOT NULL,
  `checklist_id` bigint(20) UNSIGNED NOT NULL,
  `room_id` bigint(20) UNSIGNED NOT NULL,
  `file_path` varchar(255) NOT NULL,
  `original_filename` varchar(255) NOT NULL,
  `taken_at` timestamp NOT NULL DEFAULT current_timestamp() ON UPDATE current_timestamp(),
  `gps_latitude` decimal(10,8) DEFAULT NULL,
  `gps_longitude` decimal(11,8) DEFAULT NULL,
  `created_at` timestamp NULL DEFAULT NULL,
  `updated_at` timestamp NULL DEFAULT NULL
) ENGINE=InnoDB DEFAULT CHARSET=utf8mb4 COLLATE=utf8mb4_unicode_ci;

--
-- Dumping data for table `photos`
--

INSERT INTO `photos` (`id`, `checklist_id`, `room_id`, `file_path`, `original_filename`, `taken_at`, `gps_latitude`, `gps_longitude`, `created_at`, `updated_at`) VALUES
(1, 2, 8, 'photos/2/seed_1760759024_8_1_68f30cf0b7d5d.jpg', 'room_Bedroom_photo_1.jpg', '2025-10-17 21:11:44', 25.77430000, -80.19370000, '2025-10-17 21:43:44', '2025-10-17 21:43:44'),
(2, 2, 8, 'photos/2/seed_1760759025_8_2_68f30cf1c839e.jpg', 'room_Bedroom_photo_2.jpg', '2025-10-17 20:43:45', 25.77430000, -80.19370000, '2025-10-17 21:43:45', '2025-10-17 21:43:45'),
(3, 2, 8, 'photos/2/seed_1760759026_8_3_68f30cf2dad5a.jpg', 'room_Bedroom_photo_3.jpg', '2025-10-17 21:28:46', 25.77430000, -80.19370000, '2025-10-17 21:43:46', '2025-10-17 21:43:46'),
(4, 2, 8, 'photos/2/seed_1760759027_8_4_68f30cf3d878c.jpg', 'room_Bedroom_photo_4.jpg', '2025-10-17 21:17:47', 25.77430000, -80.19370000, '2025-10-17 21:43:47', '2025-10-17 21:43:47'),
(5, 2, 8, 'photos/2/seed_1760759028_8_5_68f30cf4ce849.jpg', 'room_Bedroom_photo_5.jpg', '2025-10-17 21:18:48', 25.77430000, -80.19370000, '2025-10-17 21:43:48', '2025-10-17 21:43:48'),
(6, 2, 8, 'photos/2/seed_1760759029_8_6_68f30cf5b3d80.jpg', 'room_Bedroom_photo_6.jpg', '2025-10-17 20:45:49', 25.77430000, -80.19370000, '2025-10-17 21:43:49', '2025-10-17 21:43:49'),
(7, 2, 8, 'photos/2/seed_1760759030_8_7_68f30cf6b4fb3.jpg', 'room_Bedroom_photo_7.jpg', '2025-10-17 20:58:50', 25.77430000, -80.19370000, '2025-10-17 21:43:50', '2025-10-17 21:43:50'),
(8, 2, 8, 'photos/2/seed_1760759031_8_8_68f30cf7b5d35.jpg', 'room_Bedroom_photo_8.jpg', '2025-10-17 20:50:51', 25.77430000, -80.19370000, '2025-10-17 21:43:51', '2025-10-17 21:43:51'),
(9, 2, 9, 'photos/2/seed_1760759032_9_1_68f30cf8c834e.jpg', 'room_Living Area_photo_1.jpg', '2025-10-17 21:28:52', 25.77430000, -80.19370000, '2025-10-17 21:43:52', '2025-10-17 21:43:52'),
(10, 2, 9, 'photos/2/seed_1760759033_9_2_68f30cf9ca3b8.jpg', 'room_Living Area_photo_2.jpg', '2025-10-17 21:08:53', 25.77430000, -80.19370000, '2025-10-17 21:43:53', '2025-10-17 21:43:53'),
(11, 2, 9, 'photos/2/seed_1760759034_9_3_68f30cfabeec0.jpg', 'room_Living Area_photo_3.jpg', '2025-10-17 21:36:54', 25.77430000, -80.19370000, '2025-10-17 21:43:54', '2025-10-17 21:43:54'),
(12, 2, 9, 'photos/2/seed_1760759035_9_4_68f30cfbc812c.jpg', 'room_Living Area_photo_4.jpg', '2025-10-17 21:12:55', 25.77430000, -80.19370000, '2025-10-17 21:43:55', '2025-10-17 21:43:55'),
(13, 2, 9, 'photos/2/seed_1760759038_9_5_68f30cfe10108.jpg', 'room_Living Area_photo_5.jpg', '2025-10-17 21:25:58', 25.77430000, -80.19370000, '2025-10-17 21:43:58', '2025-10-17 21:43:58'),
(14, 2, 9, 'photos/2/seed_1760759039_9_6_68f30cff31554.jpg', 'room_Living Area_photo_6.jpg', '2025-10-17 21:13:59', 25.77430000, -80.19370000, '2025-10-17 21:43:59', '2025-10-17 21:43:59'),
(15, 2, 9, 'photos/2/seed_1760759040_9_7_68f30d001d247.jpg', 'room_Living Area_photo_7.jpg', '2025-10-17 21:15:00', 25.77430000, -80.19370000, '2025-10-17 21:44:00', '2025-10-17 21:44:00'),
(16, 2, 9, 'photos/2/seed_1760759041_9_8_68f30d0110c06.jpg', 'room_Living Area_photo_8.jpg', '2025-10-17 21:00:01', 25.77430000, -80.19370000, '2025-10-17 21:44:01', '2025-10-17 21:44:01'),
(17, 2, 10, 'photos/2/seed_1760759042_10_1_68f30d020aa22.jpg', 'room_Kitchen_photo_1.jpg', '2025-10-17 21:17:02', 25.77430000, -80.19370000, '2025-10-17 21:44:02', '2025-10-17 21:44:02'),
(18, 2, 10, 'photos/2/seed_1760759043_10_2_68f30d0309fd9.jpg', 'room_Kitchen_photo_2.jpg', '2025-10-17 21:30:03', 25.77430000, -80.19370000, '2025-10-17 21:44:03', '2025-10-17 21:44:03'),
(19, 2, 10, 'photos/2/seed_1760759044_10_3_68f30d0402d34.jpg', 'room_Kitchen_photo_3.jpg', '2025-10-17 21:04:04', 25.77430000, -80.19370000, '2025-10-17 21:44:04', '2025-10-17 21:44:04'),
(20, 2, 10, 'photos/2/seed_1760759044_10_4_68f30d04efe20.jpg', 'room_Kitchen_photo_4.jpg', '2025-10-17 21:36:04', 25.77430000, -80.19370000, '2025-10-17 21:44:04', '2025-10-17 21:44:04'),
(21, 2, 10, 'photos/2/seed_1760759045_10_5_68f30d05d71aa.jpg', 'room_Kitchen_photo_5.jpg', '2025-10-17 21:35:05', 25.77430000, -80.19370000, '2025-10-17 21:44:05', '2025-10-17 21:44:05'),
(22, 2, 10, 'photos/2/seed_1760759047_10_6_68f30d07153f3.jpg', 'room_Kitchen_photo_6.jpg', '2025-10-17 20:48:07', 25.77430000, -80.19370000, '2025-10-17 21:44:07', '2025-10-17 21:44:07'),
(23, 2, 10, 'photos/2/seed_1760759048_10_7_68f30d084887d.jpg', 'room_Kitchen_photo_7.jpg', '2025-10-17 21:08:08', 25.77430000, -80.19370000, '2025-10-17 21:44:08', '2025-10-17 21:44:08'),
(24, 2, 10, 'photos/2/seed_1760759049_10_8_68f30d09c07d9.jpg', 'room_Kitchen_photo_8.jpg', '2025-10-17 20:44:09', 25.77430000, -80.19370000, '2025-10-17 21:44:09', '2025-10-17 21:44:09'),
(25, 2, 11, 'photos/2/seed_1760759051_11_1_68f30d0b6a895.jpg', 'room_Bathroom_photo_1.jpg', '2025-10-17 21:03:11', 25.77430000, -80.19370000, '2025-10-17 21:44:11', '2025-10-17 21:44:11'),
(26, 2, 11, 'photos/2/seed_1760759052_11_2_68f30d0cb72c6.jpg', 'room_Bathroom_photo_2.jpg', '2025-10-17 21:27:12', 25.77430000, -80.19370000, '2025-10-17 21:44:12', '2025-10-17 21:44:12'),
(27, 2, 11, 'photos/2/seed_1760759053_11_3_68f30d0dcc22b.jpg', 'room_Bathroom_photo_3.jpg', '2025-10-17 21:36:13', 25.77430000, -80.19370000, '2025-10-17 21:44:13', '2025-10-17 21:44:13'),
(28, 2, 11, 'photos/2/seed_1760759054_11_4_68f30d0ee085d.jpg', 'room_Bathroom_photo_4.jpg', '2025-10-17 21:28:14', 25.77430000, -80.19370000, '2025-10-17 21:44:14', '2025-10-17 21:44:14'),
(29, 2, 11, 'photos/2/seed_1760759055_11_5_68f30d0fea21d.jpg', 'room_Bathroom_photo_5.jpg', '2025-10-17 21:07:15', 25.77430000, -80.19370000, '2025-10-17 21:44:15', '2025-10-17 21:44:15'),
(30, 2, 11, 'photos/2/seed_1760759056_11_6_68f30d10dfc20.jpg', 'room_Bathroom_photo_6.jpg', '2025-10-17 21:22:16', 25.77430000, -80.19370000, '2025-10-17 21:44:16', '2025-10-17 21:44:16'),
(31, 2, 11, 'photos/2/seed_1760759057_11_7_68f30d11f238b.jpg', 'room_Bathroom_photo_7.jpg', '2025-10-17 21:07:17', 25.77430000, -80.19370000, '2025-10-17 21:44:17', '2025-10-17 21:44:17'),
(32, 2, 11, 'photos/2/seed_1760759059_11_8_68f30d13075da.jpg', 'room_Bathroom_photo_8.jpg', '2025-10-17 21:29:19', 25.77430000, -80.19370000, '2025-10-17 21:44:19', '2025-10-17 21:44:19'),
(201, 7, 22, 'photos/7/20251019_035318_0_blog--2024-04-23-03-48-13-8865.webp', 'blog--2024-04-23-03-48-13-8865.webp', '2025-10-18 21:53:18', 23.74453646, 90.43236029, '2025-10-18 21:53:18', '2025-10-18 21:53:18'),
(202, 7, 22, 'photos/7/20251019_035318_1_blog--2024-04-23-03-48-47-5585.webp', 'blog--2024-04-23-03-48-47-5585.webp', '2025-10-18 21:53:18', 23.74453646, 90.43236029, '2025-10-18 21:53:18', '2025-10-18 21:53:18'),
(203, 7, 22, 'photos/7/20251019_035318_2_blog--2024-04-23-03-49-03-4161.webp', 'blog--2024-04-23-03-49-03-4161.webp', '2025-10-18 21:53:18', 23.74453646, 90.43236029, '2025-10-18 21:53:18', '2025-10-18 21:53:18'),
(204, 7, 22, 'photos/7/20251019_035318_3_blog--2024-04-23-03-49-20-6466.webp', 'blog--2024-04-23-03-49-20-6466.webp', '2025-10-18 21:53:18', 23.74453646, 90.43236029, '2025-10-18 21:53:18', '2025-10-18 21:53:18'),
(205, 7, 22, 'photos/7/20251019_035318_4_blog--2025-07-01-09-47-45-5494.webp', 'blog--2025-07-01-09-47-45-5494.webp', '2025-10-18 21:53:18', 23.74453646, 90.43236029, '2025-10-18 21:53:18', '2025-10-18 21:53:18'),
(206, 7, 22, 'photos/7/20251019_035318_5_blog--2025-07-01-09-49-40-8481.webp', 'blog--2025-07-01-09-49-40-8481.webp', '2025-10-18 21:53:18', 23.74453646, 90.43236029, '2025-10-18 21:53:18', '2025-10-18 21:53:18'),
(207, 7, 22, 'photos/7/20251019_035318_6_blog--2025-07-19-07-07-17-4513.webp', 'blog--2025-07-19-07-07-17-4513.webp', '2025-10-18 21:53:18', 23.74453646, 90.43236029, '2025-10-18 21:53:18', '2025-10-18 21:53:18'),
(208, 7, 22, 'photos/7/20251019_035318_7_blog--2025-07-20-01-38-39-5180.webp', 'blog--2025-07-20-01-38-39-5180.webp', '2025-10-18 21:53:18', 23.74453646, 90.43236029, '2025-10-18 21:53:18', '2025-10-18 21:53:18'),
(209, 7, 23, 'photos/7/20251019_035332_0_add-service-2023-10-18-01-55-22-5142.jpg', 'add-service-2023-10-18-01-55-22-5142.jpg', '2025-10-18 21:53:32', 23.74453646, 90.43236029, '2025-10-18 21:53:32', '2025-10-18 21:53:32'),
(210, 7, 23, 'photos/7/20251019_035332_1_add-service-2023-10-18-01-56-36-7524.jpg', 'add-service-2023-10-18-01-56-36-7524.jpg', '2025-10-18 21:53:32', 23.74453646, 90.43236029, '2025-10-18 21:53:32', '2025-10-18 21:53:32'),
(211, 7, 23, 'photos/7/20251019_035332_2_add-service-2023-10-18-01-57-37-4747.jpg', 'add-service-2023-10-18-01-57-37-4747.jpg', '2025-10-18 21:53:32', 23.74453646, 90.43236029, '2025-10-18 21:53:32', '2025-10-18 21:53:32'),
(212, 7, 23, 'photos/7/20251019_035332_3_add-service-2023-10-18-02-03-17-4767.jpg', 'add-service-2023-10-18-02-03-17-4767.jpg', '2025-10-18 21:53:32', 23.74453646, 90.43236029, '2025-10-18 21:53:32', '2025-10-18 21:53:32'),
(213, 7, 23, 'photos/7/20251019_035332_4_add-service-2023-10-18-02-05-28-9608.jpg', 'add-service-2023-10-18-02-05-28-9608.jpg', '2025-10-18 21:53:32', 23.74453646, 90.43236029, '2025-10-18 21:53:32', '2025-10-18 21:53:32'),
(214, 7, 23, 'photos/7/20251019_035332_5_blog--2024-04-23-03-23-41-7233.webp', 'blog--2024-04-23-03-23-41-7233.webp', '2025-10-18 21:53:32', 23.74453646, 90.43236029, '2025-10-18 21:53:32', '2025-10-18 21:53:32'),
(215, 7, 23, 'photos/7/20251019_035332_6_blog--2024-04-23-03-24-23-9934.webp', 'blog--2024-04-23-03-24-23-9934.webp', '2025-10-18 21:53:32', 23.74453646, 90.43236029, '2025-10-18 21:53:32', '2025-10-18 21:53:32'),
(216, 7, 23, 'photos/7/20251019_035332_7_blog--2024-04-23-03-24-48-2419.webp', 'blog--2024-04-23-03-24-48-2419.webp', '2025-10-18 21:53:32', 23.74453646, 90.43236029, '2025-10-18 21:53:32', '2025-10-18 21:53:32'),
(217, 7, 23, 'photos/7/20251019_035332_8_blog--2024-04-23-03-47-17-6858.webp', 'blog--2024-04-23-03-47-17-6858.webp', '2025-10-18 21:53:32', 23.74453646, 90.43236029, '2025-10-18 21:53:32', '2025-10-18 21:53:32'),
(218, 7, 24, 'photos/7/20251019_035343_0_blog--2024-04-23-03-48-13-8865.webp', 'blog--2024-04-23-03-48-13-8865.webp', '2025-10-18 21:53:43', 23.74453569, 90.43237734, '2025-10-18 21:53:43', '2025-10-18 21:53:43'),
(219, 7, 24, 'photos/7/20251019_035343_1_blog--2024-04-23-03-48-47-5585.webp', 'blog--2024-04-23-03-48-47-5585.webp', '2025-10-18 21:53:43', 23.74453569, 90.43237734, '2025-10-18 21:53:43', '2025-10-18 21:53:43'),
(220, 7, 24, 'photos/7/20251019_035343_2_blog--2024-04-23-03-49-03-4161.webp', 'blog--2024-04-23-03-49-03-4161.webp', '2025-10-18 21:53:43', 23.74453569, 90.43237734, '2025-10-18 21:53:43', '2025-10-18 21:53:43'),
(221, 7, 24, 'photos/7/20251019_035343_3_blog--2024-04-23-03-49-20-6466.webp', 'blog--2024-04-23-03-49-20-6466.webp', '2025-10-18 21:53:43', 23.74453569, 90.43237734, '2025-10-18 21:53:43', '2025-10-18 21:53:43'),
(222, 7, 24, 'photos/7/20251019_035343_4_blog--2025-07-01-09-47-45-5494.webp', 'blog--2025-07-01-09-47-45-5494.webp', '2025-10-18 21:53:43', 23.74453569, 90.43237734, '2025-10-18 21:53:43', '2025-10-18 21:53:43'),
(223, 7, 24, 'photos/7/20251019_035343_5_blog--2025-07-01-09-49-40-8481.webp', 'blog--2025-07-01-09-49-40-8481.webp', '2025-10-18 21:53:43', 23.74453569, 90.43237734, '2025-10-18 21:53:43', '2025-10-18 21:53:43'),
(224, 7, 24, 'photos/7/20251019_035343_6_blog--2025-07-19-07-07-17-4513.webp', 'blog--2025-07-19-07-07-17-4513.webp', '2025-10-18 21:53:43', 23.74453569, 90.43237734, '2025-10-18 21:53:43', '2025-10-18 21:53:43'),
(225, 7, 24, 'photos/7/20251019_035343_7_blog--2025-07-20-01-38-39-5180.webp', 'blog--2025-07-20-01-38-39-5180.webp', '2025-10-18 21:53:43', 23.74453569, 90.43237734, '2025-10-18 21:53:43', '2025-10-18 21:53:43'),
(226, 13, 25, 'photos/13/20251019_110607_0_add-service-2023-10-18-01-55-22-5142.jpg', 'add-service-2023-10-18-01-55-22-5142.jpg', '2025-10-19 05:06:09', 23.74454489, 90.43225762, '2025-10-19 05:06:09', '2025-10-19 05:06:09'),
(227, 13, 25, 'photos/13/20251019_110609_1_add-service-2023-10-18-01-56-36-7524.jpg', 'add-service-2023-10-18-01-56-36-7524.jpg', '2025-10-19 05:06:09', 23.74454489, 90.43225762, '2025-10-19 05:06:09', '2025-10-19 05:06:09'),
(228, 13, 25, 'photos/13/20251019_110609_2_add-service-2023-10-18-01-57-37-4747.jpg', 'add-service-2023-10-18-01-57-37-4747.jpg', '2025-10-19 05:06:09', 23.74454489, 90.43225762, '2025-10-19 05:06:09', '2025-10-19 05:06:09'),
(229, 13, 25, 'photos/13/20251019_110609_3_add-service-2023-10-18-02-03-17-4767.jpg', 'add-service-2023-10-18-02-03-17-4767.jpg', '2025-10-19 05:06:09', 23.74454489, 90.43225762, '2025-10-19 05:06:09', '2025-10-19 05:06:09'),
(230, 13, 25, 'photos/13/20251019_110609_4_add-service-2023-10-18-02-04-41-2394.jpg', 'add-service-2023-10-18-02-04-41-2394.jpg', '2025-10-19 05:06:09', 23.74454489, 90.43225762, '2025-10-19 05:06:09', '2025-10-19 05:06:09'),
(231, 13, 25, 'photos/13/20251019_110609_5_add-service-2023-10-18-02-05-28-9608.jpg', 'add-service-2023-10-18-02-05-28-9608.jpg', '2025-10-19 05:06:09', 23.74454489, 90.43225762, '2025-10-19 05:06:09', '2025-10-19 05:06:09'),
(232, 13, 25, 'photos/13/20251019_110609_6_blog--2024-04-23-03-23-41-7233.webp', 'blog--2024-04-23-03-23-41-7233.webp', '2025-10-19 05:06:09', 23.74454489, 90.43225762, '2025-10-19 05:06:09', '2025-10-19 05:06:09'),
(233, 13, 25, 'photos/13/20251019_110609_7_blog--2024-04-23-03-24-23-9934.webp', 'blog--2024-04-23-03-24-23-9934.webp', '2025-10-19 05:06:10', 23.74454489, 90.43225762, '2025-10-19 05:06:10', '2025-10-19 05:06:10'),
(234, 13, 25, 'photos/13/20251019_110610_8_blog--2024-04-23-03-24-48-2419.webp', 'blog--2024-04-23-03-24-48-2419.webp', '2025-10-19 05:06:10', 23.74454489, 90.43225762, '2025-10-19 05:06:10', '2025-10-19 05:06:10'),
(235, 13, 25, 'photos/13/20251019_110610_9_blog--2024-04-23-03-47-17-6858.webp', 'blog--2024-04-23-03-47-17-6858.webp', '2025-10-19 05:06:10', 23.74454489, 90.43225762, '2025-10-19 05:06:10', '2025-10-19 05:06:10'),
(236, 13, 25, 'photos/13/20251019_110610_10_blog--2024-04-23-03-47-48-7270.webp', 'blog--2024-04-23-03-47-48-7270.webp', '2025-10-19 05:06:10', 23.74454489, 90.43225762, '2025-10-19 05:06:10', '2025-10-19 05:06:10');

-- --------------------------------------------------------

--
-- Table structure for table `properties`
--

CREATE TABLE `properties` (
  `id` bigint(20) UNSIGNED NOT NULL,
  `owner_id` bigint(20) UNSIGNED NOT NULL,
  `name` varchar(255) NOT NULL,
  `beds` int(11) NOT NULL DEFAULT 1,
  `baths` int(11) NOT NULL DEFAULT 1,
  `address` text NOT NULL,
  `latitude` decimal(10,8) DEFAULT NULL,
  `longitude` decimal(11,8) DEFAULT NULL,
  `description` text DEFAULT NULL,
  `created_at` timestamp NULL DEFAULT NULL,
  `updated_at` timestamp NULL DEFAULT NULL
) ENGINE=InnoDB DEFAULT CHARSET=utf8mb4 COLLATE=utf8mb4_unicode_ci;

--
-- Dumping data for table `properties`
--

INSERT INTO `properties` (`id`, `owner_id`, `name`, `beds`, `baths`, `address`, `latitude`, `longitude`, `description`, `created_at`, `updated_at`) VALUES
(1, 2, 'Sunset Beach House', 1, 1, '123 Ocean Drive, Miami Beach, FL 33139', 25.76170000, -80.19180000, 'Beautiful beachfront property with 4 bedrooms', '2025-10-17 21:43:43', '2025-10-17 21:43:43'),
(2, 2, 'Downtown Loft Apartment', 1, 1, '456 Main Street, Miami, FL 33130', 25.77430000, -80.19370000, 'Modern loft in the heart of downtown', '2025-10-17 21:43:43', '2025-10-17 21:43:43'),
(3, 2, 'R H Tower', 5, 3, 'Rh address', NULL, NULL, NULL, '2025-10-18 00:41:41', '2025-10-18 00:41:41'),
(4, 2, 'Twin Tower', 1, 1, 'New York', NULL, NULL, NULL, '2025-10-18 14:45:29', '2025-10-18 14:45:29'),
(5, 2, 'New Properties 1', 2, 2, 'Test Address', NULL, NULL, NULL, '2025-10-18 16:05:04', '2025-10-18 16:05:04'),
(6, 2, 'efdfdf', 1, 1, 'sdsd', NULL, NULL, NULL, '2025-10-18 17:03:51', '2025-10-18 17:03:51'),
(8, 2, 'test property', 1, 1, 'sfs', NULL, NULL, NULL, '2025-10-18 19:17:37', '2025-10-18 19:17:37'),
(9, 2, 'Awrango Jeb House', 1, 1, '297 Shantipur', 23.74456000, 90.43237000, NULL, '2025-10-19 04:34:49', '2025-10-19 04:34:49');

-- --------------------------------------------------------

--
-- Table structure for table `rooms`
--

CREATE TABLE `rooms` (
  `id` bigint(20) UNSIGNED NOT NULL,
  `property_id` bigint(20) UNSIGNED DEFAULT NULL,
  `name` varchar(255) NOT NULL,
  `description` text DEFAULT NULL,
  `min_photos` int(11) NOT NULL DEFAULT 8,
  `is_default` tinyint(1) NOT NULL DEFAULT 0,
  `created_at` timestamp NULL DEFAULT NULL,
  `updated_at` timestamp NULL DEFAULT NULL
) ENGINE=InnoDB DEFAULT CHARSET=utf8mb4 COLLATE=utf8mb4_unicode_ci;

--
-- Dumping data for table `rooms`
--

INSERT INTO `rooms` (`id`, `property_id`, `name`, `description`, `min_photos`, `is_default`, `created_at`, `updated_at`) VALUES
(1, 1, 'Master Bedroom', 'King bed with ocean view', 8, 0, '2025-10-17 21:43:43', '2025-10-17 21:43:43'),
(2, 1, 'Guest Bedroom 1', 'Queen bed', 8, 0, '2025-10-17 21:43:43', '2025-10-17 21:43:43'),
(3, 1, 'Guest Bedroom 2', 'Two twin beds', 8, 0, '2025-10-17 21:43:43', '2025-10-17 21:43:43'),
(4, 1, 'Living Room', 'Spacious living area', 8, 0, '2025-10-17 21:43:43', '2025-10-17 21:43:43'),
(5, 1, 'Kitchen', 'Fully equipped kitchen', 8, 0, '2025-10-17 21:43:43', '2025-10-17 21:43:43'),
(6, 1, 'Master Bathroom', 'En-suite bathroom', 8, 0, '2025-10-17 21:43:43', '2025-10-17 21:43:43'),
(7, 1, 'Guest Bathroom', 'Full bathroom', 8, 0, '2025-10-17 21:43:43', '2025-10-17 21:43:43'),
(8, 2, 'Bedroom', 'Queen bed', 8, 0, '2025-10-17 21:43:43', '2025-10-17 21:43:43'),
(9, 2, 'Living Area', 'Open concept living space', 8, 0, '2025-10-17 21:43:43', '2025-10-17 21:43:43'),
(10, 2, 'Kitchen', 'Modern kitchen', 8, 0, '2025-10-17 21:43:43', '2025-10-17 21:43:43'),
(11, 2, 'Bathroom', 'Full bathroom', 8, 0, '2025-10-17 21:43:43', '2025-10-17 21:43:43'),
(13, NULL, 'Master Bedroom', NULL, 8, 1, '2025-10-18 00:37:29', '2025-10-18 00:37:29'),
(14, NULL, 'Kitchen Room', NULL, 8, 1, '2025-10-18 00:37:39', '2025-10-18 00:37:39'),
(15, 3, 'Living Room', NULL, 8, 0, '2025-10-18 00:43:10', '2025-10-18 00:43:10'),
(16, 3, 'Kitchen Room', NULL, 8, 0, '2025-10-18 00:43:23', '2025-10-18 00:43:23'),
(17, NULL, 'Bathroom', NULL, 8, 1, '2025-10-18 14:42:32', '2025-10-18 14:42:32'),
(18, 6, 'Master Bedroom', NULL, 8, 0, '2025-10-18 17:04:18', '2025-10-18 17:04:18'),
(19, 6, 'Kitchen Room', NULL, 8, 0, '2025-10-18 17:04:18', '2025-10-18 17:04:18'),
(20, 6, 'Bathroom', NULL, 8, 0, '2025-10-18 17:04:18', '2025-10-18 17:04:18'),
(22, 8, 'Master Bedroom', NULL, 8, 0, '2025-10-18 19:17:50', '2025-10-18 19:17:50'),
(23, 8, 'Kitchen Room', NULL, 8, 0, '2025-10-18 19:17:50', '2025-10-18 19:17:50'),
(24, 8, 'Bathroom', NULL, 8, 0, '2025-10-18 19:17:50', '2025-10-18 19:17:50'),
(25, 9, 'Master Bedroom', NULL, 8, 0, '2025-10-19 04:38:28', '2025-10-19 04:38:28');

-- --------------------------------------------------------

--
-- Table structure for table `room_task`
--

CREATE TABLE `room_task` (
  `id` bigint(20) UNSIGNED NOT NULL,
  `room_id` bigint(20) UNSIGNED NOT NULL,
  `task_id` bigint(20) UNSIGNED NOT NULL,
  `created_at` timestamp NULL DEFAULT NULL,
  `updated_at` timestamp NULL DEFAULT NULL
) ENGINE=InnoDB DEFAULT CHARSET=utf8mb4 COLLATE=utf8mb4_unicode_ci;

--
-- Dumping data for table `room_task`
--

INSERT INTO `room_task` (`id`, `room_id`, `task_id`, `created_at`, `updated_at`) VALUES
(1, 8, 1, NULL, NULL),
(2, 8, 2, NULL, NULL),
(3, 8, 3, NULL, NULL),
(4, 8, 4, NULL, NULL),
(5, 8, 5, NULL, NULL),
(6, 8, 6, NULL, NULL),
(7, 8, 7, NULL, NULL),
(8, 8, 8, NULL, NULL),
(9, 8, 9, NULL, NULL),
(10, 8, 10, NULL, NULL),
(11, 8, 11, NULL, NULL),
(12, 8, 12, NULL, NULL),
(13, 8, 13, NULL, NULL),
(14, 8, 14, NULL, NULL),
(15, 8, 15, NULL, NULL),
(16, 8, 16, NULL, NULL),
(17, 8, 17, NULL, NULL),
(18, 8, 18, NULL, NULL),
(20, 8, 24, NULL, NULL),
(22, 10, 5, NULL, NULL),
(23, 11, 5, NULL, NULL),
(24, 25, 1, NULL, NULL),
(25, 25, 2, NULL, NULL),
(26, 25, 3, NULL, NULL),
(27, 25, 4, NULL, NULL);

-- --------------------------------------------------------

--
-- Table structure for table `sessions`
--

CREATE TABLE `sessions` (
  `id` varchar(255) NOT NULL,
  `user_id` bigint(20) UNSIGNED DEFAULT NULL,
  `ip_address` varchar(45) DEFAULT NULL,
  `user_agent` text DEFAULT NULL,
  `payload` longtext NOT NULL,
  `last_activity` int(11) NOT NULL
) ENGINE=InnoDB DEFAULT CHARSET=utf8mb4 COLLATE=utf8mb4_unicode_ci;

--
-- Dumping data for table `sessions`
--

INSERT INTO `sessions` (`id`, `user_id`, `ip_address`, `user_agent`, `payload`, `last_activity`) VALUES
('rkdoOJOL5hiNK6LCQaVefi63in9aPYcga7xXRAMW', 1, '127.0.0.1', 'Mozilla/5.0 (Windows NT 10.0; Win64; x64) AppleWebKit/537.36 (KHTML, like Gecko) Chrome/141.0.0.0 Safari/537.36', 'YTo1OntzOjY6Il90b2tlbiI7czo0MDoiR1NvZldISzMzb2N3bUxTNmJ5emhxQWZ5aDJZUDhvanVMdU5CbEtheCI7czo2OiJfZmxhc2giO2E6Mjp7czozOiJvbGQiO2E6MDp7fXM6MzoibmV3IjthOjA6e319czo5OiJfcHJldmlvdXMiO2E6MTp7czozOiJ1cmwiO3M6Mzc6Imh0dHA6Ly8xMjcuMC4wLjE6ODAwMC9hZG1pbi9kYXNoYm9hcmQiO31zOjUwOiJsb2dpbl93ZWJfNTliYTM2YWRkYzJiMmY5NDAxNTgwZjAxNGM3ZjU4ZWE0ZTMwOTg5ZCI7aToxO3M6NDoiYXV0aCI7YToxOntzOjIxOiJwYXNzd29yZF9jb25maXJtZWRfYXQiO2k6MTc2MDg3MjQ2Njt9fQ==', 1760879513);

-- --------------------------------------------------------

--
-- Table structure for table `tasks`
--

CREATE TABLE `tasks` (
  `id` bigint(20) UNSIGNED NOT NULL,
  `name` varchar(255) NOT NULL,
  `description` text DEFAULT NULL,
  `room_type` varchar(255) DEFAULT NULL,
  `is_default` tinyint(1) NOT NULL DEFAULT 0,
  `property_id` bigint(20) UNSIGNED DEFAULT NULL,
  `room_id` bigint(20) UNSIGNED DEFAULT NULL,
  `created_at` timestamp NULL DEFAULT NULL,
  `updated_at` timestamp NULL DEFAULT NULL
) ENGINE=InnoDB DEFAULT CHARSET=utf8mb4 COLLATE=utf8mb4_unicode_ci;

--
-- Dumping data for table `tasks`
--

INSERT INTO `tasks` (`id`, `name`, `description`, `room_type`, `is_default`, `property_id`, `room_id`, `created_at`, `updated_at`) VALUES
(1, 'Change bed linens', 'Replace with fresh linens', 'bedroom', 1, NULL, NULL, '2025-10-17 21:43:43', '2025-10-17 21:43:43'),
(2, 'Dust all surfaces', 'Including nightstands and dressers', 'bedroom', 1, NULL, NULL, '2025-10-17 21:43:43', '2025-10-17 21:43:43'),
(3, 'Vacuum floor', 'Vacuum carpets and under bed', 'bedroom', 1, NULL, NULL, '2025-10-17 21:43:43', '2025-10-17 21:43:43'),
(4, 'Clean mirrors', 'Wipe down all mirrors', 'bedroom', 1, NULL, NULL, '2025-10-17 21:43:43', '2025-10-17 21:43:43'),
(5, 'Clean toilet', 'Scrub and disinfect', 'bathroom', 1, NULL, NULL, '2025-10-17 21:43:43', '2025-10-17 21:43:43'),
(6, 'Clean shower/tub', 'Remove soap scum and mildew', 'bathroom', 1, NULL, NULL, '2025-10-17 21:43:43', '2025-10-17 21:43:43'),
(7, 'Clean sink and counter', 'Disinfect all surfaces', 'bathroom', 1, NULL, NULL, '2025-10-17 21:43:43', '2025-10-17 21:43:43'),
(8, 'Restock toiletries', 'Check soap, shampoo, toilet paper', 'bathroom', 1, NULL, NULL, '2025-10-17 21:43:43', '2025-10-17 21:43:43'),
(9, 'Mop floor', 'Clean and disinfect floor', 'bathroom', 1, NULL, NULL, '2025-10-17 21:43:43', '2025-10-17 21:43:43'),
(10, 'Clean appliances', 'Wipe down stove, microwave, fridge', 'kitchen', 1, NULL, NULL, '2025-10-17 21:43:43', '2025-10-17 21:43:43'),
(11, 'Clean countertops', 'Disinfect all counter surfaces', 'kitchen', 1, NULL, NULL, '2025-10-17 21:43:43', '2025-10-17 21:43:43'),
(12, 'Clean sink', 'Scrub and shine sink', 'kitchen', 1, NULL, NULL, '2025-10-17 21:43:43', '2025-10-17 21:43:43'),
(13, 'Sweep and mop floor', 'Clean kitchen floor', 'kitchen', 1, NULL, NULL, '2025-10-17 21:43:43', '2025-10-17 21:43:43'),
(14, 'Take out trash', 'Empty trash and replace liner', 'kitchen', 1, NULL, NULL, '2025-10-17 21:43:43', '2025-10-17 21:43:43'),
(15, 'Dust furniture', 'Dust all surfaces and shelves', 'living', 1, NULL, NULL, '2025-10-17 21:43:43', '2025-10-17 21:43:43'),
(16, 'Vacuum/clean floor', 'Vacuum carpets or mop floors', 'living', 1, NULL, NULL, '2025-10-17 21:43:43', '2025-10-17 21:43:43'),
(17, 'Arrange furniture', 'Straighten cushions and decor', 'living', 1, NULL, NULL, '2025-10-17 21:43:43', '2025-10-17 21:43:43'),
(18, 'Clean windows', 'Wipe down windows and sills', 'living', 1, NULL, NULL, '2025-10-17 21:43:43', '2025-10-17 21:43:43'),
(21, 'Seat Clean', NULL, NULL, 0, 1, NULL, '2025-10-18 18:32:03', '2025-10-18 18:32:03'),
(24, 'New Task 2', NULL, NULL, 0, 2, NULL, '2025-10-18 20:43:24', '2025-10-18 20:43:24'),
(25, 'Custom Task', NULL, NULL, 0, NULL, NULL, '2025-10-18 23:35:28', '2025-10-18 23:35:28');

-- --------------------------------------------------------

--
-- Table structure for table `users`
--

CREATE TABLE `users` (
  `id` bigint(20) UNSIGNED NOT NULL,
  `name` varchar(255) NOT NULL,
  `email` varchar(255) NOT NULL,
  `email_verified_at` timestamp NULL DEFAULT NULL,
  `password` varchar(255) NOT NULL,
  `role` enum('admin','owner','housekeeper') NOT NULL DEFAULT 'housekeeper',
  `phone` varchar(255) DEFAULT NULL,
  `owner_id` bigint(20) UNSIGNED DEFAULT NULL,
  `remember_token` varchar(100) DEFAULT NULL,
  `welcome_tutorial_dismissed` tinyint(1) NOT NULL DEFAULT 0,
  `welcome_tutorial_shown_at` timestamp NULL DEFAULT NULL,
  `created_at` timestamp NULL DEFAULT NULL,
  `updated_at` timestamp NULL DEFAULT NULL
) ENGINE=InnoDB DEFAULT CHARSET=utf8mb4 COLLATE=utf8mb4_unicode_ci;

--
-- Dumping data for table `users`
--

INSERT INTO `users` (`id`, `name`, `email`, `email_verified_at`, `password`, `role`, `phone`, `owner_id`, `remember_token`, `welcome_tutorial_dismissed`, `welcome_tutorial_shown_at`, `created_at`, `updated_at`) VALUES
(1, 'Admin User', 'admin@housekeeping.com', NULL, '$2y$12$bafG/5zZl0bygAQ3vEjSRehNplEkye3Z6OyRDjRR7mF3NOWZcpcmG', 'admin', '+1-555-0100', NULL, NULL, 1, '2025-10-19 02:23:27', '2025-10-17 21:43:42', '2025-10-19 02:23:36'),
(2, 'John Property Owner', 'owner@housekeeping.com', NULL, '$2y$12$x7gkxX86sdBt/RpAUpskKeOhf8qV38MLl8S00kzncw3BOJcp4HGIq', 'owner', '+1-555-0101', NULL, NULL, 1, '2025-10-19 04:31:16', '2025-10-17 21:43:42', '2025-10-19 04:31:36'),
(3, 'Maria Housekeeper', 'maria@housekeeping.com', NULL, '$2y$12$ZVyjMYOALNyLvRk8qD3SxOcL2KfX55E4AmViREtQ2Wc0R74MuIxZy', 'housekeeper', '+1-555-0102', 2, NULL, 0, NULL, '2025-10-17 21:43:42', '2025-10-17 21:43:42'),
(4, 'Carlos Cleaner', 'carlos@housekeeping.com', NULL, '$2y$12$ctvzOfJobHmAlQL8FjrbbO1PTjga1JTAlVWcq5V04g8G63PqXIjPq', 'housekeeper', '+1-555-0103', 2, NULL, 0, NULL, '2025-10-17 21:43:43', '2025-10-17 21:43:43'),
(5, 'test', 'test@gmail.com', NULL, '$2y$12$RFPFwdiw8nF2crXjPhs49eLH5qQtNV6T8crnSQjlpqeq377wQ5CIa', 'housekeeper', '+15236584', NULL, NULL, 0, NULL, '2025-10-18 04:55:04', '2025-10-18 10:34:34');

--
-- Indexes for dumped tables
--

--
-- Indexes for table `cache`
--
ALTER TABLE `cache`
  ADD PRIMARY KEY (`key`);

--
-- Indexes for table `cache_locks`
--
ALTER TABLE `cache_locks`
  ADD PRIMARY KEY (`key`);

--
-- Indexes for table `checklists`
--
ALTER TABLE `checklists`
  ADD PRIMARY KEY (`id`),
  ADD KEY `checklists_property_id_foreign` (`property_id`),
  ADD KEY `checklists_housekeeper_id_foreign` (`housekeeper_id`),
  ADD KEY `checklists_assigned_by_foreign` (`assigned_by`),
  ADD KEY `checklists_current_room_id_foreign` (`current_room_id`);

--
-- Indexes for table `checklist_items`
--
ALTER TABLE `checklist_items`
  ADD PRIMARY KEY (`id`),
  ADD KEY `checklist_items_checklist_id_foreign` (`checklist_id`),
  ADD KEY `checklist_items_room_id_foreign` (`room_id`),
  ADD KEY `checklist_items_task_id_foreign` (`task_id`);

--
-- Indexes for table `failed_jobs`
--
ALTER TABLE `failed_jobs`
  ADD PRIMARY KEY (`id`),
  ADD UNIQUE KEY `failed_jobs_uuid_unique` (`uuid`);

--
-- Indexes for table `inventory_items`
--
ALTER TABLE `inventory_items`
  ADD PRIMARY KEY (`id`),
  ADD KEY `inventory_items_checklist_id_foreign` (`checklist_id`);

--
-- Indexes for table `jobs`
--
ALTER TABLE `jobs`
  ADD PRIMARY KEY (`id`),
  ADD KEY `jobs_queue_index` (`queue`);

--
-- Indexes for table `job_batches`
--
ALTER TABLE `job_batches`
  ADD PRIMARY KEY (`id`);

--
-- Indexes for table `migrations`
--
ALTER TABLE `migrations`
  ADD PRIMARY KEY (`id`);

--
-- Indexes for table `password_reset_tokens`
--
ALTER TABLE `password_reset_tokens`
  ADD PRIMARY KEY (`email`);

--
-- Indexes for table `photos`
--
ALTER TABLE `photos`
  ADD PRIMARY KEY (`id`),
  ADD KEY `photos_checklist_id_foreign` (`checklist_id`),
  ADD KEY `photos_room_id_foreign` (`room_id`);

--
-- Indexes for table `properties`
--
ALTER TABLE `properties`
  ADD PRIMARY KEY (`id`),
  ADD KEY `properties_owner_id_foreign` (`owner_id`);

--
-- Indexes for table `rooms`
--
ALTER TABLE `rooms`
  ADD PRIMARY KEY (`id`),
  ADD KEY `rooms_property_id_foreign` (`property_id`);

--
-- Indexes for table `room_task`
--
ALTER TABLE `room_task`
  ADD PRIMARY KEY (`id`),
  ADD UNIQUE KEY `room_task_room_id_task_id_unique` (`room_id`,`task_id`),
  ADD KEY `room_task_task_id_foreign` (`task_id`);

--
-- Indexes for table `sessions`
--
ALTER TABLE `sessions`
  ADD PRIMARY KEY (`id`),
  ADD KEY `sessions_user_id_index` (`user_id`),
  ADD KEY `sessions_last_activity_index` (`last_activity`);

--
-- Indexes for table `tasks`
--
ALTER TABLE `tasks`
  ADD PRIMARY KEY (`id`),
  ADD KEY `tasks_property_id_foreign` (`property_id`),
  ADD KEY `tasks_room_id_foreign` (`room_id`);

--
-- Indexes for table `users`
--
ALTER TABLE `users`
  ADD PRIMARY KEY (`id`),
  ADD UNIQUE KEY `users_email_unique` (`email`),
  ADD KEY `users_owner_id_foreign` (`owner_id`);

--
-- AUTO_INCREMENT for dumped tables
--

--
-- AUTO_INCREMENT for table `checklists`
--
ALTER TABLE `checklists`
  MODIFY `id` bigint(20) UNSIGNED NOT NULL AUTO_INCREMENT, AUTO_INCREMENT=14;

--
-- AUTO_INCREMENT for table `checklist_items`
--
ALTER TABLE `checklist_items`
  MODIFY `id` bigint(20) UNSIGNED NOT NULL AUTO_INCREMENT, AUTO_INCREMENT=473;

--
-- AUTO_INCREMENT for table `failed_jobs`
--
ALTER TABLE `failed_jobs`
  MODIFY `id` bigint(20) UNSIGNED NOT NULL AUTO_INCREMENT;

--
-- AUTO_INCREMENT for table `inventory_items`
--
ALTER TABLE `inventory_items`
  MODIFY `id` bigint(20) UNSIGNED NOT NULL AUTO_INCREMENT, AUTO_INCREMENT=85;

--
-- AUTO_INCREMENT for table `jobs`
--
ALTER TABLE `jobs`
  MODIFY `id` bigint(20) UNSIGNED NOT NULL AUTO_INCREMENT;

--
-- AUTO_INCREMENT for table `migrations`
--
ALTER TABLE `migrations`
  MODIFY `id` int(10) UNSIGNED NOT NULL AUTO_INCREMENT, AUTO_INCREMENT=20;

--
-- AUTO_INCREMENT for table `photos`
--
ALTER TABLE `photos`
  MODIFY `id` bigint(20) UNSIGNED NOT NULL AUTO_INCREMENT, AUTO_INCREMENT=237;

--
-- AUTO_INCREMENT for table `properties`
--
ALTER TABLE `properties`
  MODIFY `id` bigint(20) UNSIGNED NOT NULL AUTO_INCREMENT, AUTO_INCREMENT=10;

--
-- AUTO_INCREMENT for table `rooms`
--
ALTER TABLE `rooms`
  MODIFY `id` bigint(20) UNSIGNED NOT NULL AUTO_INCREMENT, AUTO_INCREMENT=26;

--
-- AUTO_INCREMENT for table `room_task`
--
ALTER TABLE `room_task`
  MODIFY `id` bigint(20) UNSIGNED NOT NULL AUTO_INCREMENT, AUTO_INCREMENT=28;

--
-- AUTO_INCREMENT for table `tasks`
--
ALTER TABLE `tasks`
  MODIFY `id` bigint(20) UNSIGNED NOT NULL AUTO_INCREMENT, AUTO_INCREMENT=26;

--
-- AUTO_INCREMENT for table `users`
--
ALTER TABLE `users`
  MODIFY `id` bigint(20) UNSIGNED NOT NULL AUTO_INCREMENT, AUTO_INCREMENT=6;

--
-- Constraints for dumped tables
--

--
-- Constraints for table `checklists`
--
ALTER TABLE `checklists`
  ADD CONSTRAINT `checklists_assigned_by_foreign` FOREIGN KEY (`assigned_by`) REFERENCES `users` (`id`) ON DELETE SET NULL,
  ADD CONSTRAINT `checklists_current_room_id_foreign` FOREIGN KEY (`current_room_id`) REFERENCES `rooms` (`id`) ON DELETE SET NULL,
  ADD CONSTRAINT `checklists_housekeeper_id_foreign` FOREIGN KEY (`housekeeper_id`) REFERENCES `users` (`id`) ON DELETE CASCADE,
  ADD CONSTRAINT `checklists_property_id_foreign` FOREIGN KEY (`property_id`) REFERENCES `properties` (`id`) ON DELETE CASCADE;

--
-- Constraints for table `checklist_items`
--
ALTER TABLE `checklist_items`
  ADD CONSTRAINT `checklist_items_checklist_id_foreign` FOREIGN KEY (`checklist_id`) REFERENCES `checklists` (`id`) ON DELETE CASCADE,
  ADD CONSTRAINT `checklist_items_room_id_foreign` FOREIGN KEY (`room_id`) REFERENCES `rooms` (`id`) ON DELETE CASCADE,
  ADD CONSTRAINT `checklist_items_task_id_foreign` FOREIGN KEY (`task_id`) REFERENCES `tasks` (`id`) ON DELETE CASCADE;

--
-- Constraints for table `inventory_items`
--
ALTER TABLE `inventory_items`
  ADD CONSTRAINT `inventory_items_checklist_id_foreign` FOREIGN KEY (`checklist_id`) REFERENCES `checklists` (`id`) ON DELETE CASCADE;

--
-- Constraints for table `photos`
--
ALTER TABLE `photos`
  ADD CONSTRAINT `photos_checklist_id_foreign` FOREIGN KEY (`checklist_id`) REFERENCES `checklists` (`id`) ON DELETE CASCADE,
  ADD CONSTRAINT `photos_room_id_foreign` FOREIGN KEY (`room_id`) REFERENCES `rooms` (`id`) ON DELETE CASCADE;

--
-- Constraints for table `properties`
--
ALTER TABLE `properties`
  ADD CONSTRAINT `properties_owner_id_foreign` FOREIGN KEY (`owner_id`) REFERENCES `users` (`id`) ON DELETE CASCADE;

--
-- Constraints for table `rooms`
--
ALTER TABLE `rooms`
  ADD CONSTRAINT `rooms_property_id_foreign` FOREIGN KEY (`property_id`) REFERENCES `properties` (`id`) ON DELETE CASCADE;

--
-- Constraints for table `room_task`
--
ALTER TABLE `room_task`
  ADD CONSTRAINT `room_task_room_id_foreign` FOREIGN KEY (`room_id`) REFERENCES `rooms` (`id`) ON DELETE CASCADE,
  ADD CONSTRAINT `room_task_task_id_foreign` FOREIGN KEY (`task_id`) REFERENCES `tasks` (`id`) ON DELETE CASCADE;

--
-- Constraints for table `tasks`
--
ALTER TABLE `tasks`
  ADD CONSTRAINT `tasks_property_id_foreign` FOREIGN KEY (`property_id`) REFERENCES `properties` (`id`) ON DELETE CASCADE,
  ADD CONSTRAINT `tasks_room_id_foreign` FOREIGN KEY (`room_id`) REFERENCES `rooms` (`id`) ON DELETE CASCADE;

--
-- Constraints for table `users`
--
ALTER TABLE `users`
  ADD CONSTRAINT `users_owner_id_foreign` FOREIGN KEY (`owner_id`) REFERENCES `users` (`id`) ON DELETE CASCADE;
COMMIT;

/*!40101 SET CHARACTER_SET_CLIENT=@OLD_CHARACTER_SET_CLIENT */;
/*!40101 SET CHARACTER_SET_RESULTS=@OLD_CHARACTER_SET_RESULTS */;
/*!40101 SET COLLATION_CONNECTION=@OLD_COLLATION_CONNECTION */;
